Record,Predicted enzyme,Predicted BGC affiliation,Score
DUD38_RS10075|NZ_UBWN01000016.1|[100447:101614](-)_ripp_YCAO),YCAO,['pk'],[[0.22439283 0.44791618 0.32769099]]
C581_RS0104085|NZ_KB904826.1|[31085:32447](+)_pk_p450),p450,['pk'],[[0.00715909 0.99284091 0.        ]]
FXE85_RS10215|NZ_VSHR01000041.1|[41011:42133](+)_nrp_SAM),SAM,['nrp'],[[0.72714286 0.17       0.10285714]]
